Recency,Frequency,Monetary
35,5,53.8
242,5,100.0
122,4,70.3
323,4,60.65
28,8,204.96
706,2,24.0
199,4,182.94
88,2,155.9
86,4,48.75
152,5,89.36
21,3,89.8
41,4,75.86
89,8,186.75
88,4,75.1
240,3,71.4
86,4,104.7
91,5,75.49
221,4,94.6
385,1,73.5
78,3,73.84
53,3,53.4
571,3,117.5
185,6,182.0
142,1,58.2
133,3,42.62
216,5,117.35
227,4,129.7
172,5,107.6
291,1,16.35
76,3,64.6
129,5,96.46
198,5,91.3
596,3,83.05
113,5,69.9
709,1,10.8
14,3,58.44
16,6,214.2
213,1,2.7
34,4,48.1
272,4,113.75
75,3,35.75
354,3,94.69
66,2,25.4
35,3,103.3
189,2,16.7
143,3,51.6
73,2,23.8
116,4,62.3
240,6,124.6
50,6,207.36
64,10,271.9
174,6,80.7
70,4,43.9
219,2,75.7
51,3,58.2
570,3,32.15
50,4,38.9
564,2,16.8
116,5,149.1
103,5,129.32
341,2,8.1
158,3,59.1
47,6,225.4
566,3,19.92
163,3,112.3
182,2,20.7
132,4,90.45
420,2,66.4
460,1,17.1
68,2,50.7
27,4,109.8
75,5,71.96
41,4,80.3
77,4,87.9
109,6,50.9
63,2,50.0
112,2,89.1
230,2,17.8
241,5,138.6
596,2,65.8
327,3,102.7
621,1,7.6
137,3,31.74
2,5,94.4
138,9,193.82
30,3,58.75
390,1,9.3
70,3,219.2
82,5,104.31
277,1,3.65
113,8,149.79
61,3,57.76
155,1,15.3
59,6,106.48
48,7,267.62
139,3,39.7
293,3,88.3
367,3,52.0
186,4,73.7
403,4,87.1
64,4,40.25
222,2,34.8
90,8,129.38
153,4,94.06
268,5,93.9
40,7,155.9
40,4,53.3
265,1,26.36
147,4,74.65
173,6,121.12
342,4,68.5
31,8,157.4
220,1,34.6
5,6,173.4
329,1,22.4
95,6,144.39
655,1,30.62
9,3,33.0
48,4,73.6
494,2,15.9
41,5,67.56
227,3,124.2
76,4,85.16
178,4,67.25
374,5,179.64
103,4,94.95
99,3,25.44
149,5,148.94
391,3,48.4
173,3,43.37
57,9,209.06
95,2,17.6
119,3,53.3
345,4,72.8
187,2,66.7
380,4,80.8
200,4,81.0
249,5,54.5
76,7,133.25
84,3,34.6
109,7,157.52
409,3,49.2
94,6,118.76
18,2,34.6
26,4,54.4
104,2,68.8
164,4,83.05
22,6,101.5
227,3,35.2
3,3,89.3
108,1,24.0
452,2,136.9
74,4,49.1
199,3,25.45
40,6,118.51
291,2,78.3
146,5,113.5
16,3,54.1
275,2,31.1
1,4,136.2
575,2,29.1
317,2,23.5
299,3,86.6
380,9,284.8
29,7,184.44
239,5,75.3
69,4,36.5
322,5,59.9
183,5,222.36
135,6,96.65
77,1,10.45
45,4,114.24
475,2,112.6
493,2,9.9
44,3,38.2
31,6,199.82
184,3,97.6
197,2,43.5
128,4,108.9
248,4,51.83
18,3,14.77
355,3,69.7
544,2,30.55
64,8,161.1
144,2,100.6
355,2,28.4
48,2,22.56
231,3,73.2
56,3,64.06
33,3,34.42
38,6,153.6
333,3,167.9
20,4,57.5
95,3,26.05
401,2,34.8
161,4,61.6
160,7,142.1
291,3,69.1
229,3,96.6
46,3,62.06
14,5,171.46
414,4,121.29
220,6,107.75
152,4,68.4
107,3,123.7
354,2,58.9
346,3,76.71
127,4,183.2
315,3,68.6
1,7,198.7
454,2,32.6
1,5,186.05
410,1,1.7
97,2,16.8
30,4,61.6
466,2,83.3
224,7,130.6
48,2,84.55
601,1,7.7
310,1,16.6
285,3,146.4
41,6,67.65
64,7,156.0
182,3,33.0
139,6,98.36
40,4,74.44
215,8,156.98
233,2,40.6
265,7,160.8
304,1,27.0
121,7,139.0
260,3,61.14
222,4,156.22
16,6,125.11
721,1,6.0
400,3,39.02
26,7,168.51
366,4,57.4
452,2,17.4
15,8,166.65
445,2,62.8
448,1,1.3
34,1,6.6
261,3,104.9
193,2,51.94
255,2,115.0
460,1,26.8
123,5,99.65
470,2,20.0
508,2,50.9
33,6,220.04
452,2,48.74
223,2,47.05
526,2,46.6
437,2,39.8
23,6,145.0
88,7,279.99
490,1,10.8
594,1,15.0
437,4,57.8
91,5,123.62
249,3,67.06
521,1,28.8
240,2,24.6
538,3,63.88
73,10,152.56
37,5,101.5
29,5,108.21
21,4,95.2
111,6,112.9
140,4,47.1
211,3,91.9
42,5,40.7
47,7,145.2
485,2,25.6
162,5,107.4
140,7,124.45
124,5,180.92
458,2,92.68
52,4,125.9
99,3,107.5
285,4,55.0
67,2,22.7
65,4,93.46
373,5,120.4
160,3,62.35
37,6,154.34
382,4,108.15
156,3,60.8
210,3,23.1
482,1,21.0
57,3,54.0
92,4,56.96
113,5,82.0
135,3,68.5
220,3,114.3
40,3,58.19
191,5,66.7
291,4,89.4
273,5,88.35
403,2,12.4
184,3,79.5
226,6,197.8
5,1,17.3
481,1,2.9
53,3,82.0
279,3,49.6
522,3,32.54
95,2,51.3
134,3,63.8
345,4,90.72
261,2,14.6
72,4,140.64
57,3,40.9
3,5,179.2
218,3,80.3
51,3,103.8
143,8,136.92
281,3,88.82
221,5,146.6
58,4,118.4
31,4,61.75
28,5,64.1
99,6,145.5
206,2,27.0
73,4,94.45
270,3,192.85
5,2,70.5
506,2,25.1
32,5,78.5
42,6,82.7
61,4,139.4
314,5,132.05
59,4,124.22
117,2,26.5
162,3,78.36
236,3,59.7
106,4,124.4
104,2,58.0
17,4,77.52
483,2,19.2
307,2,63.1
667,1,24.4
324,6,235.4
29,5,74.95
102,5,92.7
113,4,131.44
115,3,24.3
1,4,98.4
580,1,46.4
14,5,195.2
113,7,100.9
85,2,62.7
77,5,96.6
152,4,35.4
58,6,62.5
31,6,224.1
147,2,70.9
168,1,33.9
394,3,23.6
178,3,71.9
233,3,90.3
188,3,97.3
164,3,153.4
147,4,36.8
80,1,7.2
183,3,37.58
291,3,92.9
79,2,52.5
170,11,217.85
39,5,101.1
282,5,104.75
92,3,43.0
310,3,41.0
11,7,86.6
34,5,164.7
152,3,54.8
578,2,47.46
271,3,44.2
315,3,36.3
303,3,99.87
131,6,97.4
254,3,85.9
491,3,44.15
220,2,56.1
79,8,174.64
161,2,106.52
9,1,11.8
259,2,86.51
385,4,80.1
445,1,7.8
215,2,13.6
442,1,17.8
228,4,68.4
241,5,159.5
305,2,45.2
2,2,102.2
154,6,261.55
160,3,31.9
155,3,37.06
52,10,184.95
313,2,70.32
44,4,86.27
381,3,63.8
220,1,3.4
367,2,10.8
130,6,137.7
103,5,70.1
393,3,38.7
267,5,165.5
22,4,82.35
145,4,50.12
87,7,152.4
443,2,49.46
82,3,79.3
97,4,44.32
175,5,74.04
34,6,92.4
346,5,107.14
326,2,31.1
13,6,203.6
53,4,48.3
148,4,96.1
464,1,50.6
397,3,49.5
250,5,175.55
304,1,13.49
137,2,20.05
32,6,188.94
139,1,16.3
24,6,102.6
121,6,88.1
82,4,93.4
1,6,163.32
607,3,25.8
484,3,63.26
573,1,30.0
286,2,39.1
88,4,54.45
44,6,109.4
337,2,54.56
35,6,191.04
404,2,34.8
69,4,110.7
287,1,20.4
40,6,168.74
355,6,139.4
128,3,46.9
165,1,32.66
189,3,163.7
9,3,77.3
462,2,19.7
6,3,35.1
210,2,21.8
51,7,190.96
29,9,213.4
132,2,73.0
82,6,105.24
489,1,9.5
567,1,29.7
496,2,16.8
102,6,112.6
89,4,93.9
154,5,84.8
13,4,106.93
126,6,111.84
40,6,172.9
321,4,71.2
229,4,95.29
39,6,114.44
209,2,23.8
38,6,115.28
186,8,173.62
84,3,143.6
171,2,51.9
16,6,115.9
423,2,34.9
32,4,96.8
190,5,60.7
87,2,45.5
0,5,108.4
335,5,98.0
90,6,113.7
92,6,175.74
355,3,62.5
613,1,16.8
81,4,123.42
63,4,56.1
51,5,48.5
284,6,127.52
135,4,122.6
60,2,49.3
135,3,94.5
30,5,151.7
64,2,100.56
370,2,76.0
191,5,130.6
45,4,35.9
0,6,148.4
66,7,174.51
283,2,40.42
101,4,59.21
48,3,115.8
128,5,63.54
32,6,93.1
336,2,70.72
151,4,56.7
19,3,66.45
428,1,13.4
307,3,81.5
369,2,86.8
371,7,216.19
277,3,124.75
25,4,59.1
431,2,61.1
34,5,84.49
0,5,65.9
106,4,85.5
196,3,49.7
445,2,40.9
345,2,27.7
193,2,93.3
53,3,60.14
139,4,153.31
180,4,114.36
242,3,60.4
332,2,16.0
30,3,45.55
94,2,37.6
34,4,130.9
145,6,136.2
308,4,74.16
74,3,36.8
361,3,51.8
256,3,57.5
455,3,45.1
287,3,120.85
230,3,67.95
141,6,92.7
720,1,80.1
162,6,95.7
223,5,183.5
278,1,37.2
578,1,20.9
148,2,108.6
268,1,15.4
88,2,103.0
593,1,1.9
158,7,136.15
233,3,66.9
612,2,35.0
68,4,83.0
16,6,234.79
41,9,145.76
263,4,192.08
661,2,48.9
589,3,46.4
285,2,41.0
220,2,34.5
100,7,182.1
343,3,36.9
148,10,205.7
360,5,38.62
289,1,32.1
190,4,57.2
563,1,11.5
25,7,53.35
139,3,83.7
146,3,95.06
37,6,164.05
173,5,141.95
357,4,38.3
607,2,25.9
182,5,101.62
78,3,109.54
490,2,46.0
137,3,43.7
285,4,103.2
397,1,4.4
144,3,32.6
341,3,23.3
86,7,176.9
169,4,35.45
328,4,58.2
303,3,29.2
78,5,79.44
21,3,85.5
123,7,148.0
91,5,106.75
49,4,48.0
177,5,47.1
49,4,128.0
444,2,35.76
47,6,170.12
13,6,203.1
218,2,25.7
270,3,93.85
54,6,102.3
127,7,164.7
70,2,85.42
27,4,69.5
22,6,132.0
275,4,35.1
150,7,192.72
62,4,132.61
132,5,160.1
313,5,150.72
294,4,72.96
58,5,135.7
8,3,151.0
33,7,205.26
315,1,4.1
263,3,37.0
41,6,118.4
205,3,60.9
222,2,16.5
138,2,48.6
15,6,117.04
143,2,32.62
27,6,107.3
35,3,41.86
25,6,119.6
293,2,81.5
81,3,114.8
662,2,27.4
190,5,94.7
458,1,5.9
246,2,12.0
535,2,62.62
451,2,34.2
124,7,151.66
10,3,82.88
243,4,89.0
31,7,178.7
551,2,39.8
13,7,220.35
288,5,105.5
23,6,201.0
51,9,247.84
40,4,109.1
61,4,107.14
597,3,38.9
118,5,113.3
30,7,145.5
157,3,76.25
52,6,115.16
201,2,30.0
49,4,100.1
273,3,57.4
31,3,30.0
259,2,38.7
352,1,41.6
131,4,127.2
133,1,52.74
38,3,73.5
84,3,39.6
631,1,13.9
26,4,115.55
80,4,57.6
21,5,219.0
46,4,61.4
22,4,53.2
385,3,67.2
542,2,20.1
59,7,155.66
132,2,29.2
361,3,79.9
134,4,26.7
594,3,45.3
439,5,85.3
50,1,10.1
386,2,54.8
131,6,125.8
185,6,121.65
3,4,71.9
455,2,37.8
329,1,20.6
87,6,81.95
43,6,78.66
161,3,55.04
96,4,98.4
61,2,18.64
227,1,37.9
350,5,75.9
312,3,125.6
79,4,50.85
138,4,155.0
204,2,24.5
2,4,159.4
252,2,34.4
25,3,100.0
38,8,163.66
487,2,79.1
150,2,44.4
179,6,284.89
501,3,101.2
51,3,55.3
291,3,62.95
104,5,85.84
25,2,39.04
76,2,11.8
125,6,69.25
22,4,87.34
112,4,107.0
429,3,82.35
4,5,132.1
165,2,32.4
137,3,41.1
15,6,174.7
5,4,43.0
40,6,97.2
215,3,50.0
190,4,133.6
170,6,181.0
511,2,104.0
123,5,83.0
116,6,156.95
455,4,40.85
213,2,55.9
404,7,125.8
10,6,117.6
18,4,111.7
47,4,86.6
93,2,7.65
648,1,14.4
77,5,49.5
378,5,67.2
297,5,85.8
360,3,87.34
325,5,112.96
280,4,58.9
255,5,48.6
131,7,124.5
104,5,108.8
574,2,16.9
98,4,72.6
7,4,108.0
307,3,127.84
95,3,127.8
341,3,50.8
89,7,228.22
182,2,11.0
3,3,57.45
45,5,58.6
294,3,112.8
343,2,79.75
67,6,102.36
117,7,125.01
0,2,26.8
41,5,45.52
282,3,34.0
58,4,57.5
59,4,71.1
145,5,62.65
80,1,41.4
259,6,109.3
27,7,185.9
373,3,85.3
63,3,101.1
78,5,119.05
207,3,65.46
81,6,164.2
176,6,126.24
95,3,66.7
9,7,196.3
323,3,24.3
60,3,232.7
10,7,105.55
69,5,100.4
276,2,22.7
454,3,59.4
137,3,182.84
26,10,345.1
104,2,26.3
271,2,65.75
57,6,86.4
411,5,92.09
363,8,135.2
94,4,46.82
152,4,81.4
201,5,47.3
232,4,53.9
30,3,81.9
204,3,42.3
177,2,109.22
12,3,85.7
162,4,109.8
429,2,38.4
443,4,107.2
98,7,145.3
77,1,49.8
394,1,50.9
40,6,97.4
122,5,67.3
496,4,88.11
131,5,133.2
111,4,48.6
12,5,206.9
267,5,85.4
223,3,140.2
302,4,68.9
33,3,120.9
59,4,70.4
39,4,104.9
376,1,11.7
182,9,158.6
281,3,38.25
194,4,74.2
348,2,36.5
355,3,67.15
43,6,154.75
159,4,80.8
38,3,72.16
191,4,106.64
113,3,95.0
174,4,87.75
280,4,91.9
82,5,142.2
367,2,40.9
234,2,28.6
310,3,45.8
24,4,56.65
47,6,109.72
145,3,20.0
31,5,62.5
257,4,60.05
177,4,47.25
188,3,61.42
294,4,99.2
172,4,82.0
478,4,56.32
213,4,126.1
157,3,38.7
51,4,160.65
65,4,95.9
111,2,80.7
249,2,38.7
216,5,161.4
522,2,14.7
140,2,32.9
116,5,225.65
148,4,110.6
94,4,61.6
27,6,146.6
52,7,244.5
276,4,67.7
424,3,68.5
228,4,51.0
112,8,257.54
381,1,21.9
128,3,47.7
102,3,45.3
154,4,35.9
154,2,69.9
197,1,25.3
456,4,43.22
33,9,127.61
417,4,34.4
106,2,18.8
76,5,51.05
96,3,97.4
55,5,66.7
19,2,105.05
5,4,78.5
28,2,22.56
51,7,185.8
207,6,183.1
124,8,240.15
217,4,197.2
543,2,22.8
40,6,109.12
270,4,92.3
88,4,141.2
402,6,118.38
379,4,111.3
339,4,47.4
414,1,12.8
67,5,93.64
97,4,74.44
31,3,99.2
29,3,59.22
295,4,62.45
256,3,61.2
73,9,253.51
164,2,51.2
157,10,180.64
121,2,44.8
61,5,85.6
211,2,74.66
130,3,55.1
134,5,195.7
209,3,36.55
145,2,13.0
44,3,34.65
154,5,137.0
92,2,70.4
134,2,39.6
317,2,30.0
49,7,193.0
84,9,98.9
24,6,93.15
43,6,72.99
575,1,10.7
75,3,65.0
229,2,38.6
104,3,99.8
173,7,126.9
45,6,115.3
82,6,157.7
114,9,179.8
435,1,16.2
146,5,185.8
489,4,49.6
137,2,42.2
74,5,67.8
236,4,72.0
61,5,137.52
42,5,204.15
105,2,36.6
441,2,39.0
91,5,140.86
121,2,21.7
244,5,115.9
22,6,110.5
532,3,112.0
127,6,135.15
161,6,219.8
49,5,43.35
69,3,108.1
37,2,85.3
296,1,57.2
146,3,114.62
320,4,76.12
716,1,11.3
333,2,20.8
180,2,101.5
17,7,160.6
355,1,25.2
15,6,54.9
205,3,70.8
0,1,11.1
394,4,53.17
148,2,44.2
433,7,91.24
64,6,93.95
88,4,101.0
160,5,76.76
567,4,100.7
103,3,120.55
211,2,25.9
67,1,114.9
241,1,76.6
95,2,23.3
77,1,6.7
352,1,41.9
299,3,105.9
39,8,193.7
76,5,49.83
60,2,54.7
16,3,89.2
143,7,199.6
34,3,39.75
76,3,76.0
113,2,56.9
112,1,7.6
151,3,42.2
21,9,201.2
124,3,103.8
175,3,81.9
86,3,86.7
201,5,61.82
234,4,51.75
2,6,150.12
226,9,168.05
128,4,159.24
129,2,82.4
112,7,267.32
71,1,47.3
37,2,44.7
131,5,118.8
99,4,83.99
22,2,32.0
37,2,51.85
70,3,11.65
80,3,49.4
11,4,55.34
7,8,86.86
276,2,13.2
122,3,32.45
190,8,84.5
232,2,22.6
137,2,47.6
68,7,180.4
127,5,139.6
46,7,91.1
41,3,67.8
352,1,20.6
161,6,260.7
121,3,64.1
527,2,10.25
412,3,73.4
411,2,75.2
447,2,41.2
10,6,134.29
175,5,86.7
117,3,33.22
307,4,157.0
155,2,54.45
319,4,201.5
80,3,62.46
7,3,113.22
490,3,32.3
255,3,101.95
227,5,76.95
99,2,47.4
84,6,140.0
97,7,165.5
41,6,139.24
253,5,113.56
14,4,66.01
23,7,148.4
131,2,35.25
10,5,96.8
14,6,73.2
84,4,95.3
185,2,23.9
46,8,284.9
100,3,32.2
15,3,95.12
52,7,101.85
36,6,145.23
47,2,32.54
209,4,65.76
479,4,165.35
157,2,36.4
3,4,127.6
99,3,48.11
33,6,116.9
131,3,53.0
342,6,84.0
223,4,137.7
140,4,36.54
206,5,81.65
181,5,146.1
11,9,223.85
77,4,82.66
32,5,96.2
195,4,83.65
10,4,55.2
344,3,18.0
26,4,58.0
229,4,170.9
75,2,59.04
164,5,168.41
253,2,53.6
342,3,103.0
37,4,45.9
53,4,108.0
137,2,27.1
252,4,66.7
211,6,182.4
265,4,70.0
324,2,32.7
60,7,161.3
72,4,69.4
54,5,96.3
201,6,159.3
602,3,34.44
92,2,38.2
339,1,8.6
90,3,111.27
436,2,35.8
78,6,151.14
10,4,39.6
234,5,108.5
294,1,20.55
71,4,110.4
343,2,72.06
36,5,56.4
33,6,113.0
90,3,60.9
63,4,51.9
154,3,81.5
308,4,63.51
572,2,19.0
114,3,44.6
54,3,33.3
42,3,61.4
123,2,12.1
53,3,146.28
165,2,68.2
97,3,69.2
84,7,180.0
422,2,20.6
267,4,82.15
572,1,38.6
188,2,60.9
612,1,49.0
41,5,95.22
142,5,111.23
141,6,115.9
125,6,90.0
376,5,76.2
147,7,169.96
95,3,69.4
339,2,62.8
323,1,9.0
614,2,93.3
301,7,221.86
258,5,81.6
0,3,22.7
297,4,31.0
188,5,156.0
158,3,49.3
359,5,148.6
18,2,16.8
193,3,72.9
48,4,53.6
164,5,62.25
221,4,93.0
92,5,176.94
118,5,81.3
381,2,17.09
290,5,97.7
414,4,40.4
145,4,44.2
62,4,120.56
151,2,56.8
166,3,80.06
85,6,126.96
462,2,19.92
194,3,107.5
36,9,155.6
115,6,65.3
20,6,117.75
22,4,122.4
35,3,40.95
59,5,83.4
195,3,94.45
118,6,187.5
303,2,59.8
141,2,40.1
468,3,30.8
299,6,102.52
144,5,108.8
454,3,43.85
10,5,177.1
258,1,41.15
377,2,21.1
190,3,73.6
366,3,45.6
23,8,241.86
80,4,69.9
120,6,128.25
136,3,37.75
32,4,74.75
80,2,39.1
50,4,101.67
323,2,27.3
91,11,361.45
208,5,127.91
173,4,58.76
82,5,103.4
542,1,13.8
507,1,22.8
576,2,33.0
81,3,94.9
222,4,117.65
93,6,169.45
186,1,64.2
94,5,108.6
298,2,54.3
74,3,40.5
266,4,74.2
153,1,95.8
88,5,156.4
96,5,277.35
31,4,74.3
63,5,88.4
492,1,5.3
345,1,30.6
34,7,128.8
43,1,24.2
28,3,91.05
181,6,80.6
257,3,19.2
148,2,28.2
12,3,83.42
2,7,170.95
246,4,82.5
296,6,108.1
193,2,27.7
214,2,45.66
8,8,210.51
216,4,195.9
27,6,109.2
238,5,155.7
124,4,86.05
6,6,166.0
66,6,113.35
330,4,119.72
324,4,89.6
24,4,105.3
17,3,69.41
29,5,81.54
73,4,78.9
208,4,87.82
106,4,74.9
276,6,141.8
229,4,98.56
123,2,108.3
213,3,68.15
288,1,4.4
215,2,55.1
76,2,73.4
190,5,205.0
83,6,134.57
162,3,34.3
340,5,135.7
12,5,105.85
131,4,85.35
229,4,64.9
437,3,33.3
562,3,29.75
61,3,62.75
184,6,65.5
56,4,108.95
181,1,39.9
352,3,59.2
96,3,93.85
91,2,86.3
49,6,161.4
101,3,81.9
91,6,222.4
40,11,241.8
116,6,142.0
33,7,89.0
359,5,79.34
150,2,33.32
353,3,58.7
346,3,89.46
142,3,42.84
400,3,90.6
353,2,35.5
64,1,53.7
233,1,57.6
346,2,38.42
287,4,131.4
14,2,26.2
26,3,99.9
14,4,84.2
213,4,83.12
56,7,137.84
111,4,94.2
101,5,97.85
280,1,12.4
11,8,140.56
98,9,205.6
2,4,47.9
566,1,5.35
304,1,5.92
85,8,166.8
50,3,73.47
102,4,107.3
6,4,39.35
700,1,6.0
518,3,122.6
182,1,6.4
93,3,102.34
82,5,93.54
184,4,121.62
476,2,28.6
1,4,64.07
281,4,137.68
59,6,127.7
229,4,74.5
315,2,38.54
35,5,67.3
10,7,128.42
205,3,83.16
348,2,33.7
234,2,84.5
387,5,110.9
197,4,121.2
683,2,24.8
368,2,52.3
134,3,41.6
258,6,110.58
31,3,57.3
22,4,78.0
311,2,69.7
168,2,30.3
420,2,17.4
32,6,82.22
15,6,97.8
668,2,27.0
160,2,30.2
84,4,120.84
137,6,105.8
22,3,121.2
589,4,110.0
32,7,134.4
373,5,115.02
376,2,26.3
214,4,37.1
13,6,230.0
13,4,51.5
104,5,191.9
337,2,33.3
19,6,158.91
166,7,116.32
579,2,10.5
358,3,62.64
239,3,53.09
242,4,50.7
497,2,15.3
159,5,89.7
121,5,129.0
98,7,165.85
15,3,111.16
124,5,101.62
315,3,73.3
88,4,59.9
37,5,105.75
66,4,156.6
113,4,106.3
192,5,158.6
134,4,71.5
49,1,53.8
74,4,143.5
109,7,178.26
122,3,56.6
118,2,19.6
495,1,10.1
190,5,154.3
21,5,138.6
216,3,93.0
258,2,35.0
259,1,49.0
102,3,78.5
82,6,177.75
227,7,165.02
86,5,147.29
362,2,32.6
25,4,83.0
659,1,8.1
406,4,60.62
47,6,166.19
131,5,51.56
25,6,100.4
15,2,50.8
257,3,98.1
38,10,221.0
408,2,107.6
496,5,79.85
87,2,51.94
356,3,26.2
321,5,139.3
283,4,154.15
11,5,111.3
115,3,66.83
29,4,142.1
76,5,81.3
23,7,110.96
295,3,76.3
112,7,189.93
39,3,78.0
618,3,48.4
292,2,71.3
17,6,86.65
574,1,21.0
144,4,133.9
55,3,81.6
422,1,11.4
130,3,93.8
94,3,70.0
38,7,150.3
49,2,62.4
517,2,34.8
458,3,68.1
313,2,9.1
113,7,203.5
187,3,46.15
131,6,85.45
184,1,33.96
344,3,98.4
64,5,82.97
18,7,137.0
3,7,375.31
103,3,86.5
92,5,157.05
36,4,86.6
45,5,134.7
313,2,51.6
60,4,92.34
194,9,223.29
180,6,73.92
674,1,13.4
45,7,241.7
196,3,56.43
427,4,87.6
113,4,79.8
2,7,204.0
1,6,74.9
175,4,85.6
152,3,49.7
458,3,30.65
141,3,129.16
9,6,114.69
50,7,143.1
360,2,45.7
655,1,12.5
382,3,23.0
129,2,55.7
99,3,100.7
12,4,70.7
87,2,38.3
280,2,67.78
4,3,19.2
164,4,76.7
3,2,124.3
81,4,150.2
84,6,86.8
292,2,29.8
98,4,104.8
230,4,64.3
139,3,57.3
347,4,57.1
182,2,26.4
324,1,11.0
50,6,126.8
26,5,37.85
209,3,26.9
484,2,111.45
351,5,40.05
101,5,46.7
36,2,74.76
708,1,6.9
63,4,75.5
140,5,136.75
226,3,46.45
35,2,41.15
174,2,18.1
133,2,69.5
8,4,62.42
12,3,19.92
50,7,210.64
145,2,20.7
118,4,135.8
155,4,83.7
28,4,99.36
511,1,4.9
38,5,159.22
24,3,85.55
112,2,23.0
259,3,97.62
325,1,63.9
138,5,127.7
30,4,76.9
3,4,56.9
0,4,125.6
3,4,61.25
168,4,105.1
92,4,121.8
169,8,202.74
119,6,208.22
15,4,80.3
58,3,81.1
161,5,96.28
152,2,48.3
18,9,256.25
180,4,100.5
210,6,99.7
24,3,34.77
16,3,70.2
509,3,49.3
179,5,130.06
25,10,235.45
44,5,97.54
75,2,21.1
141,2,53.1
72,3,65.3
122,4,77.54
493,2,57.5
177,3,90.75
372,3,70.4
52,6,123.52
50,5,95.5
53,3,59.3
77,3,35.6
156,3,43.2
45,2,20.6
300,6,132.7
474,3,28.2
36,3,71.0
139,4,85.85
335,4,74.6
42,6,43.35
237,2,37.8
36,5,148.6
5,4,63.45
128,7,201.92
7,7,163.14
70,3,83.6
359,5,119.52
163,6,73.23
7,7,196.8
124,4,95.8
68,3,58.4
140,1,10.6
429,3,72.7
34,6,165.52
133,4,74.85
411,4,111.2
1,4,98.55
169,4,87.8
93,4,75.74
333,1,44.92
526,1,22.4
82,7,167.3
167,3,91.1
128,5,86.4
166,3,76.1
217,1,39.4
361,5,157.4
19,4,98.44
292,2,74.2
370,2,52.3
66,4,29.45
29,7,155.76
266,3,92.3
43,5,124.0
16,5,99.85
46,2,143.8
279,2,67.5
249,8,153.97
291,4,35.4
65,2,53.1
211,5,84.25
2,2,42.8
245,7,99.44
14,5,104.5
385,2,6.6
90,6,141.94
443,3,41.32
223,4,49.3
341,5,134.45
137,7,125.25
49,1,59.1
38,4,160.1
14,7,158.9
69,6,197.0
19,6,145.44
550,1,31.86
101,5,103.1
487,2,33.35
338,3,60.7
405,2,19.3
102,4,43.4
126,2,22.6
70,3,75.04
366,3,38.35
213,7,149.25
129,6,75.45
188,1,9.0
580,2,27.2
228,4,72.0
222,7,126.85
27,5,163.9
371,3,43.56
16,4,53.55
459,2,25.2
90,3,74.7
81,3,65.5
134,2,61.8
42,10,243.06
508,2,39.0
60,3,42.2
393,1,18.0
24,5,178.54
318,3,77.24
94,3,30.5
98,9,254.8
33,6,102.2
252,1,36.9
104,2,67.2
110,2,78.0
468,2,12.9
446,2,83.4
48,3,61.1
252,1,4.8
304,5,96.1
273,3,43.6
29,5,86.55
588,3,43.9
186,8,157.6
49,3,100.6
52,5,152.7
32,4,85.2
38,4,193.71
475,2,32.12
4,3,116.69
23,5,77.15
35,6,145.3
182,2,45.76
14,5,105.1
223,2,57.2
75,2,26.9
22,5,172.97
475,2,86.2
243,4,71.9
390,3,33.4
70,9,208.82
101,3,62.9
261,2,84.66
16,7,110.55
197,2,38.29
394,1,4.2
97,4,62.1
245,2,47.1
156,4,56.3
34,5,121.8
20,4,36.1
483,3,41.7
106,3,18.2
53,5,129.9
7,2,33.6
32,4,99.05
379,3,57.39
141,4,70.1
242,3,72.0
29,5,49.2
141,3,82.7
353,1,7.5
84,5,60.4
375,2,27.0
107,4,140.6
38,5,100.1
244,4,85.4
56,7,185.5
56,5,104.3
82,3,125.6
58,4,101.4
36,6,161.76
179,3,74.3
119,5,76.0
541,2,78.7
340,3,61.8
32,5,60.55
45,4,114.88
501,5,104.69
217,4,69.3
100,4,73.0
42,2,39.8
44,3,72.94
88,8,260.9
73,7,123.56
316,2,79.5
132,4,46.45
77,2,19.5
108,3,107.2
95,5,67.54
134,5,159.3
290,1,36.7
177,6,117.4
98,7,192.1
727,1,8.4
201,8,170.72
214,5,98.0
552,1,14.9
142,2,41.3
412,2,22.1
57,4,157.5
244,2,81.2
702,2,33.4
395,4,69.92
15,5,108.4
32,2,50.4
97,7,236.3
50,4,107.11
263,2,18.0
272,4,68.9
161,3,29.3
275,1,29.14
212,1,7.4
4,7,267.4
369,2,37.73
51,7,220.0
102,2,37.2
181,2,53.8
93,4,61.5
81,3,49.85
142,7,312.46
225,3,69.5
245,6,144.6
215,7,167.15
122,6,131.3
637,1,20.4
191,3,65.1
107,3,62.95
330,5,104.77
81,1,24.7
113,3,48.2
242,3,82.1
227,6,160.3
37,4,97.9
14,3,127.8
41,9,212.9
156,1,8.0
144,9,135.4
249,6,99.18
12,4,82.35
320,4,53.54
2,6,92.75
30,5,156.25
133,3,75.2
337,1,23.1
363,2,52.1
152,5,132.63
168,2,37.5
126,3,133.7
26,7,237.2
579,1,14.5
63,3,27.96
54,4,83.3
595,2,25.14
212,4,86.2
549,4,37.59
3,6,223.55
80,2,66.2
212,6,88.5
204,3,70.7
274,1,7.8
47,5,133.95
73,5,132.96
280,3,71.3
189,6,155.6
118,4,36.6
212,8,209.6
0,3,80.5
404,1,38.1
67,4,92.9
92,7,236.4
238,5,74.0
74,5,69.0
109,2,50.7
130,4,29.2
111,8,161.7
89,5,78.15
446,4,22.35
380,4,59.2
430,5,96.62
346,4,71.6
122,4,77.85
633,4,98.5
180,4,63.2
239,3,14.8
264,2,69.35
0,6,171.4
310,6,305.72
387,2,50.3
44,5,110.2
70,7,152.42
111,4,101.8
80,8,116.3
8,3,98.8
38,3,45.8
401,1,24.2
12,2,23.48
439,2,63.3
23,3,64.2
1,5,129.9
482,1,13.4
60,2,49.22
697,1,26.8
11,3,71.9
191,4,71.2
358,4,52.2
58,5,86.65
138,1,52.3
4,4,177.32
82,7,148.52
1,5,143.12
102,5,56.45
50,3,49.8
60,3,180.3
145,6,117.9
10,1,9.0
154,2,67.8
16,4,55.3
223,1,18.8
90,2,31.9
98,3,58.36
37,6,167.0
45,2,21.4
36,5,133.35
278,4,121.6
105,9,277.4
205,1,19.5
408,2,26.9
325,4,144.02
52,8,215.0
131,2,32.4
256,6,177.8
493,1,36.8
322,2,46.9
10,6,127.48
28,5,70.55
144,3,28.98
541,3,113.0
149,4,76.04
56,3,86.8
623,1,25.0
7,5,98.22
26,8,163.9
20,4,117.1
66,5,228.6
10,4,77.25
102,3,82.69
118,6,105.0
112,4,88.1
59,3,57.4
61,5,77.32
264,2,75.5
421,2,11.5
2,5,100.7
57,3,66.5
577,2,28.65
188,4,69.75
79,4,85.7
2,4,84.45
41,5,116.0
383,2,41.4
347,2,31.1
10,4,35.9
344,1,11.1
248,2,51.86
181,1,54.15
405,2,38.0
18,5,101.1
291,1,16.0
138,1,36.3
337,3,96.6
525,3,19.7
36,4,59.6
263,4,72.72
508,4,96.15
136,3,76.7
144,3,54.4
104,4,65.8
69,2,85.8
175,5,94.35
376,7,124.05
290,3,53.2
236,5,105.7
26,5,95.8
169,2,10.85
336,5,61.79
179,2,40.03
30,4,67.1
421,2,85.8
200,4,99.39
582,2,65.7
19,8,252.6
183,2,32.5
80,5,60.3
398,3,70.4
4,3,46.7
423,2,67.6
41,4,63.16
19,7,111.8
52,3,34.15
330,5,60.36
99,4,164.0
434,2,68.7
282,4,82.5
543,1,27.7
285,4,88.5
268,2,56.8
108,4,58.5
355,4,62.7
205,2,58.4
152,7,102.16
188,3,88.8
149,3,55.8
53,4,74.2
88,6,45.3
332,3,79.35
193,4,54.23
332,4,135.3
164,2,60.8
56,8,162.74
167,3,93.1
194,4,80.24
577,2,40.26
81,6,125.34
8,3,37.65
35,5,149.36
360,1,14.6
208,3,29.5
207,6,69.4
28,5,60.8
33,7,153.56
199,5,76.4
11,9,242.84
44,6,153.36
248,4,43.45
582,2,13.2
141,5,140.2
571,2,59.45
399,2,31.7
327,3,38.65
74,1,12.64
22,4,73.7
0,2,33.6
337,3,91.62
223,2,87.9
382,5,81.6
4,4,77.7
67,5,89.4
211,2,28.21
44,4,71.5
35,5,133.3
143,4,76.85
247,3,70.96
27,4,43.8
188,5,95.9
110,2,66.0
309,4,49.4
215,2,21.5
225,5,95.1
623,1,20.6
77,1,10.2
334,4,84.7
140,9,303.61
317,5,111.78
51,1,15.6
239,6,296.96
536,2,58.7
315,2,35.59
95,6,187.8
0,5,144.87
169,2,18.6
149,3,76.3
495,1,15.4
6,2,25.2
139,5,141.6
601,3,46.04
323,2,30.35
171,5,99.1
3,3,59.3
393,2,10.7
539,2,27.3
138,6,78.1
138,5,65.44
191,5,45.7
101,3,27.9
131,5,82.3
49,5,256.0
81,4,79.3
29,3,40.0
93,3,70.8
186,3,28.8
11,2,31.4
125,3,61.3
334,4,58.3
45,4,96.4
155,3,68.8
372,2,54.2
72,4,131.0
340,5,54.85
106,4,74.9
204,6,178.2
213,3,89.36
381,4,101.4
12,5,187.8
208,2,24.55
461,3,75.0
222,5,73.5
31,6,74.9
103,3,85.94
310,2,21.1
353,5,76.3
32,4,40.95
445,1,54.4
106,5,123.49
3,7,123.1
359,1,41.4
92,7,120.62
279,4,143.15
42,6,163.8
114,2,28.3
20,6,234.0
328,2,82.9
15,9,222.7
31,4,105.6
179,2,22.05
5,3,82.2
185,7,123.6
134,1,59.4
137,2,33.4
532,2,35.1
156,3,72.4
382,4,86.54
178,3,45.4
25,4,42.35
151,4,98.82
2,5,78.2
362,2,16.4
367,3,46.95
24,6,72.0
33,5,118.08
194,3,54.1
265,2,30.8
200,4,143.85
205,5,144.65
347,2,30.0
261,2,40.14
76,3,40.2
22,2,45.7
121,6,148.01
120,2,27.3
295,4,85.1
683,1,7.85
463,5,128.03
96,10,156.15
467,4,92.95
65,7,84.5
172,2,36.2
270,4,61.74
368,3,18.4
27,3,62.8
74,5,94.5
56,9,145.22
6,3,39.0
292,1,7.32
85,8,105.45
78,6,114.0
130,3,48.3
142,1,12.4
117,2,11.4
165,5,97.6
221,5,95.1
13,6,144.1
26,4,139.22
385,2,13.8
209,6,92.15
627,1,14.2
598,3,75.54
44,7,101.7
645,1,13.85
184,4,92.4
525,2,58.4
7,6,113.7
225,4,48.2
195,5,114.1
427,7,185.54
385,5,141.4
91,4,95.5
1,3,41.0
185,6,196.8
7,10,243.5
60,9,117.42
380,4,65.1
265,1,5.7
451,2,45.8
393,1,8.5
392,4,74.8
122,4,129.8
522,3,69.65
242,3,17.5
392,2,33.2
123,4,75.4
5,4,107.8
206,1,9.4
157,3,34.22
611,1,7.9
128,8,123.5
255,4,89.9
253,7,113.66
125,6,100.13
44,7,117.4
485,5,42.8
220,2,37.9
136,4,132.52
44,4,61.4
551,2,21.8
6,2,30.75
277,4,153.16
704,1,79.5
506,3,38.59
96,3,45.45
36,1,31.5
83,6,96.2
191,5,84.12
464,1,20.0
150,3,51.0
448,3,59.52
452,4,80.4
333,3,45.44
238,5,118.26
52,4,83.7
207,1,2.6
366,2,12.1
91,6,203.76
33,5,177.1
246,6,131.8
56,3,85.7
14,5,67.0
181,2,43.2
27,3,137.4
439,1,81.8
304,3,31.0
158,1,14.6
324,2,11.8
37,6,146.2
151,6,100.1
438,2,28.6
22,5,47.1
284,1,10.5
72,10,251.45
17,6,131.7
76,5,162.9
145,3,66.1
40,7,85.2
303,4,89.9
35,5,132.8
24,3,30.59
37,7,117.04
39,4,107.46
0,2,44.09
333,4,90.6
241,6,145.8
175,3,46.7
56,2,30.44
669,1,19.8
190,2,51.0
6,1,33.9
273,4,116.9
33,6,212.4
46,3,56.4
145,5,111.2
236,5,113.62
19,5,92.6
78,6,115.91
34,4,147.2
40,5,73.0
2,5,49.4
7,3,75.9
91,2,33.0
256,2,45.9
376,3,70.79
8,4,104.8
162,4,96.64
321,2,12.0
285,3,43.6
567,2,36.1
148,3,60.54
53,5,60.7
184,9,227.2
147,4,68.22
511,1,75.6
291,4,112.76
18,7,211.7
431,4,104.2
30,5,78.66
338,1,97.8
145,3,100.8
350,1,19.6
274,2,26.0
12,7,128.45
430,1,39.5
136,1,17.1
2,3,50.6
179,4,79.2
185,4,76.5
545,2,24.0
33,1,5.9
363,2,11.4
101,3,77.6
221,3,33.1
727,1,8.9
40,3,27.9
22,5,271.8
125,8,221.4
59,7,165.9
194,10,205.44
373,2,52.35
262,2,42.1
4,7,248.12
130,5,60.0
193,2,51.9
72,4,73.92
55,6,71.1
153,4,65.3
320,2,57.25
224,6,130.34
119,4,49.92
28,3,80.2
22,4,96.4
531,3,47.3
269,5,49.35
21,2,55.5
66,7,143.55
346,4,50.2
54,7,132.27
84,2,26.1
229,1,6.9
3,3,72.2
192,2,16.65
95,3,81.4
65,3,109.0
183,4,151.8
425,3,68.6
396,2,38.2
399,3,55.69
170,3,77.8
66,3,103.7
191,5,86.83
181,4,46.4
41,7,130.2
171,2,69.3
7,2,21.6
331,4,150.45
248,3,25.4
4,10,334.15
215,1,10.9
150,2,39.9
108,3,136.2
235,3,25.3
180,6,127.05
155,3,85.63
135,5,119.5
223,5,124.7
218,4,122.7
305,4,166.1
85,4,117.95
249,1,7.1
222,3,47.7
339,3,44.4
30,3,80.3
189,3,37.34
1,7,90.8
85,4,48.5
68,9,163.94
63,7,71.67
230,4,56.55
182,3,84.66
6,4,95.05
266,3,29.4
504,1,21.6
41,5,90.5
357,3,62.16
184,3,33.71
162,2,43.8
43,2,34.0
627,3,73.4
5,5,91.8
80,6,149.8
21,4,96.36
128,5,64.5
31,5,132.62
244,2,31.5
240,6,78.53
76,4,120.12
312,5,112.6
157,2,54.0
158,2,43.24
333,2,33.55
311,2,11.6
241,4,91.0
481,1,37.5
279,1,22.2
203,5,141.86
135,4,69.1
22,3,74.0
15,2,43.52
191,4,104.5
234,5,94.44
273,5,45.2
91,1,5.2
233,3,169.7
208,5,135.8
25,6,108.65
536,3,97.8
586,2,11.9
77,2,45.2
52,3,38.2
138,6,113.35
31,6,127.6
28,2,103.8
221,6,117.3
205,3,81.7
276,5,165.9
523,2,41.82
46,3,123.4
161,9,240.5
578,1,4.6
1,6,84.5
107,5,110.4
66,6,86.75
376,2,28.1
671,1,32.8
296,3,76.65
1,5,161.84
48,4,112.1
673,1,23.8
6,2,8.8
125,2,64.2
248,3,81.5
722,1,10.3
488,1,14.4
351,4,52.2
343,2,61.3
49,6,174.3
390,2,45.5
412,3,59.75
412,3,23.1
31,5,71.35
185,4,78.33
330,4,27.4
234,3,52.12
135,5,148.4
29,5,108.04
9,1,28.0
53,6,151.14
17,3,64.66
133,2,17.9
230,5,116.8
313,3,48.9
294,4,154.3
164,4,69.26
301,3,72.2
93,3,53.4
136,9,181.52
623,3,35.92
23,2,27.94
261,4,188.1
68,3,51.2
280,4,75.5
55,2,16.7
19,4,102.2
62,7,142.24
194,4,52.3
338,1,7.8
98,5,50.1
68,4,135.0
217,2,59.0
45,5,203.8
15,2,34.3
292,2,12.4
25,3,81.55
306,3,60.7
232,4,102.75
521,1,9.8
211,4,44.2
136,3,61.54
380,3,32.3
66,4,50.8
246,4,136.7
289,3,71.0
184,6,171.52
258,4,86.8
517,1,6.6
270,2,24.5
90,3,94.9
203,1,23.52
417,5,114.6
278,1,11.4
331,6,167.22
3,6,147.35
127,5,74.9
9,1,63.9
262,2,38.3
46,5,176.3
68,4,86.9
631,2,117.06
90,3,46.7
33,4,78.0
460,1,28.2
31,3,32.0
6,7,131.56
121,4,27.0
59,4,60.0
14,2,12.1
13,1,11.8
42,3,45.7
111,5,81.5
416,2,64.43
139,5,43.9
147,4,68.4
36,4,123.5
187,2,34.3
45,9,191.48
97,4,61.74
548,2,40.2
59,9,223.34
386,2,20.7
6,6,177.76
46,4,82.2
224,5,137.0
87,3,102.14
79,4,90.9
244,3,148.8
267,3,53.72
127,7,167.4
16,4,33.7
185,6,117.68
531,1,35.9
272,1,5.8
281,4,81.2
237,5,68.8
87,4,138.4
518,3,15.8
38,6,177.66
39,10,207.32
161,3,63.8
7,5,74.4
431,6,45.5
9,3,116.65
42,5,135.6
174,1,4.4
65,7,113.8
331,4,51.1
179,3,28.45
42,8,217.85
99,4,50.9
36,5,131.0
274,4,137.5
240,8,196.03
162,5,128.95
156,2,16.6
477,5,45.52
31,1,4.1
55,4,127.08
80,6,143.2
50,7,144.4
137,7,144.61
175,4,156.6
362,1,7.3
45,7,147.94
43,2,45.7
123,2,52.5
382,2,40.0
180,5,59.8
17,3,64.7
19,8,158.74
65,6,146.35
17,3,76.2
51,4,64.67
166,4,32.9
98,2,134.2
51,7,119.15
395,5,89.55
319,2,54.7
126,5,138.63
92,3,92.62
134,3,51.55
108,7,98.35
560,3,85.14
123,5,223.5
218,3,42.3
495,1,39.3
49,3,64.3
120,5,221.5
635,1,20.1
97,6,104.4
304,3,21.3
340,6,124.0
300,3,22.4
652,2,44.9
172,2,28.9
80,6,244.34
270,5,82.1
30,4,150.4
38,3,46.2
32,3,157.69
202,7,98.41
151,8,121.6
377,3,30.6
159,3,60.7
119,5,113.16
212,3,37.05
160,4,54.7
442,1,21.2
91,4,89.66
163,4,131.63
102,4,148.0
181,5,84.92
92,7,155.6
367,4,37.9
0,5,204.76
35,4,47.3
179,3,40.3
624,1,31.54
16,2,18.6
87,2,63.5
74,4,22.85
419,3,27.8
119,4,74.7
19,6,140.2
174,2,100.4
271,4,112.4
55,6,83.9
236,5,70.96
594,1,10.0
232,3,53.3
228,2,36.96
0,5,174.6
36,2,17.2
5,7,176.2
196,6,146.61
27,7,106.2
13,7,183.1
162,2,50.4
220,3,89.2
147,5,73.62
15,4,110.7
56,6,80.0
214,6,86.54
119,3,98.65
16,5,83.86
57,10,268.8
110,2,56.8
13,7,100.1
254,5,86.5
17,3,120.3
259,2,18.5
39,5,84.85
34,6,119.92
10,4,50.5
429,2,24.5
334,4,152.04
226,6,119.0
269,1,14.5
414,1,18.9
676,1,11.2
33,4,158.66
18,5,81.3
470,2,10.6
320,2,49.15
94,6,65.44
86,4,125.24
246,5,88.1
119,4,68.9
420,3,60.9
257,5,133.9
449,2,48.1
267,5,83.4
195,4,116.0
58,7,149.45
2,5,48.4
237,2,69.6
597,1,14.4
439,1,3.4
567,2,19.8
542,1,83.3
516,1,36.16
261,6,170.5
159,2,46.8
474,1,6.8
451,2,25.0
1,5,184.44
20,2,16.6
17,7,228.33
230,3,28.9
8,3,115.3
207,2,35.0
396,4,85.4
83,3,69.65
3,3,32.3
309,3,161.45
101,5,96.59
89,3,73.0
18,4,73.5
144,4,90.4
302,2,72.2
211,1,46.0
192,7,177.2
166,2,66.9
75,6,213.56
103,2,15.7
51,4,112.8
14,2,19.8
317,2,124.6
294,3,110.15
92,8,253.55
95,2,77.9
192,4,35.96
442,4,77.2
33,4,91.74
27,4,51.0
40,8,158.5
214,3,67.9
98,2,73.96
262,5,62.6
382,4,53.6
12,6,87.8
323,4,108.48
378,4,137.55
80,3,75.86
216,3,92.2
125,4,76.95
139,4,50.34
149,5,109.5
67,2,50.49
30,5,137.15
541,3,71.2
7,6,132.39
36,4,86.12
77,4,85.1
79,6,158.98
25,5,123.12
139,6,161.3
126,3,128.95
123,4,90.4
8,5,136.09
68,3,143.66
154,4,120.1
223,2,62.4
128,5,227.36
73,5,149.1
44,3,96.5
13,5,50.1
174,4,33.4
423,2,55.1
88,4,57.93
122,5,67.45
18,3,119.8
255,1,8.4
247,4,147.68
197,4,83.5
93,5,82.1
114,4,62.8
408,1,15.3
187,2,27.75
118,3,25.2
65,5,191.84
130,3,31.3
175,2,26.85
10,3,38.82
333,4,93.6
571,2,7.65
233,3,18.7
50,4,70.4
214,4,70.1
73,6,140.4
13,6,113.1
216,3,33.9
179,5,104.02
516,3,28.2
291,1,3.9
19,3,76.8
466,2,33.9
218,2,49.5
225,5,143.8
48,6,102.35
31,2,49.94
156,4,71.25
423,4,60.22
24,7,209.02
512,2,12.0
116,2,21.0
32,4,80.7
33,4,72.1
18,11,229.58
0,4,35.2
146,3,25.6
590,1,65.2
39,4,139.1
130,2,60.86
238,6,132.5
22,3,89.3
126,6,96.44
51,5,112.9
309,2,32.6
78,4,87.7
296,4,134.98
227,3,56.1
363,3,99.5
131,6,222.36
367,2,36.5
342,2,61.3
93,3,43.9
28,5,80.7
189,7,88.55
117,6,105.0
113,4,48.02
38,5,64.76
95,8,245.1
132,5,71.4
186,5,189.9
50,6,70.8
201,3,88.4
52,3,160.12
207,4,43.5
84,7,239.91
306,4,125.15
351,1,55.4
374,1,7.3
94,4,58.72
33,3,87.6
13,4,144.7
64,5,86.0
165,6,214.9
672,1,7.9
27,5,89.9
50,6,161.05
674,1,3.7
98,3,55.3
330,7,135.34
191,7,148.0
199,3,63.5
501,4,115.2
233,5,119.9
97,3,53.95
317,1,25.8
79,4,97.92
63,6,104.1
280,2,31.2
518,1,35.1
145,8,107.42
34,4,122.4
347,3,44.3
207,1,9.0
105,6,94.8
117,2,67.36
415,3,91.8
325,3,35.8
68,3,45.4
76,2,64.4
7,6,142.05
192,4,116.32
468,3,31.1
124,2,86.6
65,2,49.5
134,5,76.0
281,4,139.9
237,2,53.4
189,7,79.6
47,8,150.65
346,2,54.1
162,3,121.64
106,4,52.6
12,4,57.7
366,5,112.0
13,5,120.2
185,2,138.8
522,2,32.5
361,4,171.1
96,5,221.47
385,1,7.9
321,1,5.4
702,1,29.14
612,1,27.24
57,6,169.73
198,4,49.4
150,3,140.6
73,9,214.05
77,4,75.55
166,5,170.96
591,2,17.76
105,7,120.05
24,2,24.7
232,2,63.6
16,3,59.1
473,3,75.0
155,5,57.22
164,6,136.38
77,4,96.6
74,4,131.8
104,7,136.6
102,1,17.4
336,5,99.97
27,5,158.1
42,5,87.12
380,5,89.01
118,4,81.5
234,4,59.9
273,3,30.1
179,1,75.7
286,3,39.22
28,8,193.5
272,6,154.6
56,5,87.4
278,1,4.0
91,2,58.3
239,2,51.27
176,3,57.85
42,6,168.55
200,6,122.92
18,7,110.5
176,5,75.7
114,3,78.88
133,2,82.35
151,3,62.4
284,2,28.2
152,3,34.1
37,10,301.33
529,1,7.8
88,3,33.5
104,6,187.4
155,5,133.0
27,7,220.45
267,5,139.55
72,5,94.85
86,2,19.5
267,2,69.8
76,2,32.4
42,3,50.0
462,1,18.44
17,2,38.42
372,2,13.8
65,4,31.1
38,5,119.49
163,2,46.0
259,5,56.34
17,4,92.9
564,3,63.45
111,4,55.6
129,5,52.5
131,4,156.0
6,5,80.2
10,5,122.64
395,2,34.7
31,3,80.4
85,6,125.4
233,3,137.0
194,7,74.59
197,2,21.6
66,3,90.1
173,2,32.3
324,6,180.86
12,4,125.14
129,6,122.04
358,3,60.6
284,4,90.42
356,3,33.82
91,10,192.63
87,3,49.5
108,5,102.14
191,6,232.92
84,4,99.2
234,4,170.9
419,4,60.4
124,5,201.75
337,3,48.74
62,3,85.4
280,2,63.72
132,6,159.42
21,3,61.5
95,3,72.12
54,4,37.74
171,2,76.0
297,5,118.1
602,1,12.1
393,2,19.62
243,4,63.36
181,3,86.2
511,2,57.15
41,5,101.1
152,7,189.62
323,2,48.89
296,2,48.2
415,1,52.34
50,8,134.61
636,1,12.3
361,1,9.4
87,3,31.4
41,5,201.7
200,5,119.0
198,5,147.02
273,1,2.1
25,5,200.0
61,4,62.16
231,4,66.3
323,2,126.5
37,2,35.4
376,6,154.44
229,7,248.11
56,3,21.6
86,6,162.5
70,7,211.9
6,4,61.9
101,5,119.65
104,5,134.25
659,2,32.7
365,4,45.15
212,5,45.52
37,7,119.99
48,2,16.4
300,2,51.8
423,1,17.2
0,5,171.03
205,6,95.0
119,6,205.9
194,3,35.7
306,2,55.8
101,6,99.88
258,2,42.4
160,2,65.9
105,2,51.0
105,3,48.3
5,2,13.7
92,7,82.79
112,2,191.1
330,2,63.4
68,5,69.6
42,5,69.6
133,4,61.05
438,3,48.1
593,1,3.7
545,1,20.16
410,2,31.75
315,1,13.9
393,1,15.7
187,1,13.0
121,3,93.4
79,4,106.9
16,6,110.8
44,5,75.2
192,3,41.7
118,6,151.55
7,4,69.04
234,2,76.8
596,1,24.5
12,4,132.81
7,4,87.5
225,4,92.62
169,4,57.6
1,2,19.4
489,1,11.0
228,3,100.6
287,4,70.38
45,4,38.66
278,7,108.04
253,2,60.4
56,4,47.3
43,7,152.1
124,8,119.9
263,2,39.4
425,3,41.8
152,3,86.0
343,1,3.4
75,6,142.9
56,4,73.82
184,2,25.8
175,4,156.5
429,1,3.2
8,5,145.05
73,3,23.0
142,2,16.6
207,3,33.7
47,3,44.7
149,4,63.6
218,5,94.35
1,4,76.9
54,3,91.6
3,4,88.2
271,4,87.3
75,3,73.9
13,6,102.35
343,1,12.6
29,4,148.4
8,4,149.9
366,4,42.42
299,2,32.44
236,3,44.75
151,3,174.9
177,3,93.5
336,2,37.1
253,2,24.82
283,1,59.5
238,2,91.2
645,1,47.4
71,6,134.45
0,3,78.99
237,3,92.7
19,3,101.9
235,3,66.8
398,1,4.6
48,2,37.8
104,3,83.9
176,6,58.04
393,4,75.9
75,3,80.4
19,4,97.3
241,3,45.7
156,3,43.1
76,4,115.26
138,1,9.4
58,5,124.2
111,4,70.2
359,4,66.0
222,5,84.6
148,6,110.7
46,6,253.12
101,3,37.0
180,4,54.9
71,3,31.44
243,5,135.7
502,1,40.9
57,5,89.8
92,4,50.1
410,5,176.95
126,2,35.3
98,4,69.23
87,3,56.65
307,3,44.12
2,6,118.95
91,4,137.5
478,2,22.3
275,4,48.1
1,3,128.9
184,4,173.0
32,6,77.8
327,4,90.1
337,2,8.5
252,3,65.35
244,4,98.3
57,6,289.4
157,4,68.5
30,7,132.35
27,4,96.5
127,5,89.8
45,4,126.65
94,5,135.35
87,6,87.95
32,6,124.95
247,5,170.0
139,6,86.2
145,4,72.1
222,4,52.22
243,3,60.0
20,6,124.64
6,1,19.4
235,4,91.8
19,5,108.6
59,6,76.52
68,4,70.25
16,2,24.0
112,7,130.05
199,5,57.6
419,3,82.4
48,4,89.35
53,7,129.64
54,6,180.2
276,4,136.8
393,4,56.16
156,6,79.8
32,6,104.95
598,2,19.4
141,3,28.6
4,9,254.04
81,5,133.39
34,2,36.9
678,3,50.2
48,1,25.1
43,1,4.9
663,2,24.7
54,4,78.8
263,3,31.84
324,6,85.9
105,4,119.1
265,5,83.05
285,4,52.8
126,4,113.7
58,1,7.2
195,5,115.0
156,7,163.0
181,4,80.0
97,6,157.5
149,4,131.64
360,2,61.7
4,2,16.85
2,3,66.2
140,6,126.92
97,2,57.6
8,4,114.0
214,6,130.5
461,4,127.05
134,8,163.15
54,4,58.26
115,3,38.75
392,2,39.7
36,6,128.2
172,5,119.65
210,3,47.9
83,3,50.15
233,2,56.2
438,2,37.5
335,1,101.8
239,3,37.66
198,3,70.3
47,7,113.15
284,3,121.1
49,6,92.11
479,1,20.0
131,6,126.1
349,6,70.39
15,3,22.5
348,2,47.0
66,1,25.3
63,8,189.73
497,1,6.72
110,2,27.1
3,9,120.49
57,6,122.8
14,5,68.7
122,4,62.54
233,6,127.2
90,3,74.76
53,5,39.9
57,6,183.1
287,2,57.9
1,4,76.94
555,1,53.76
77,6,101.65
28,6,138.4
75,4,89.84
311,2,51.5
384,7,90.95
124,4,105.55
695,1,18.0
519,2,35.8
145,2,50.44
470,5,130.0
243,5,79.75
129,3,111.9
84,6,94.6
183,4,150.7
246,5,48.9
12,10,104.25
88,4,191.35
75,4,57.5
39,5,165.5
306,4,83.96
3,4,135.99
84,7,124.2
24,6,109.6
236,2,24.4
24,4,89.45
132,3,106.1
256,5,83.36
132,3,48.8
55,4,97.6
353,2,68.9
11,4,94.45
197,4,83.3
150,6,237.4
11,7,211.84
35,4,193.4
589,1,24.7
18,3,65.5
322,2,101.8
26,5,76.17
454,2,27.1
21,3,27.76
130,6,213.34
60,5,62.7
209,4,54.6
29,3,71.3
727,1,5.6
447,1,11.7
26,5,87.28
431,2,39.76
9,6,167.39
264,3,131.16
138,3,58.42
119,5,99.36
590,3,59.2
131,6,191.75
19,5,130.7
189,5,46.37
44,4,64.2
317,5,157.25
75,7,137.1
233,4,60.9
18,5,49.9
152,5,130.5
81,6,143.7
249,5,75.75
273,3,99.7
325,3,44.72
376,2,52.04
207,9,244.0
199,4,49.1
91,6,103.6
110,5,144.6
24,7,129.66
545,2,43.8
702,1,16.9
24,5,241.6
73,5,108.96
190,2,41.2
558,3,91.9
77,3,62.3
1,4,60.65
109,4,79.8
146,2,39.5
47,5,131.0
83,3,115.3
482,3,42.85
21,6,89.36
25,7,189.7
91,7,265.7
27,6,66.6
65,3,98.7
126,4,86.4
64,8,145.52
158,3,51.85
138,6,135.69
270,3,42.6
10,4,138.26
55,7,254.7
5,9,245.36
319,3,50.36
159,6,117.66
2,4,81.15
543,1,21.96
25,6,92.12
106,2,11.7
306,3,68.7
389,2,39.8
16,5,151.06
155,4,97.42
242,7,76.9
248,2,25.2
353,8,186.46
643,2,37.1
489,3,39.95
52,6,77.56
19,5,79.8
64,6,159.6
27,5,77.7
13,5,111.7
359,4,161.2
77,4,142.7
54,5,111.36
248,2,32.76
123,3,236.0
433,3,43.75
191,6,188.9
111,3,50.0
36,2,30.25
182,1,22.8
50,5,78.05
25,7,135.32
81,6,122.5
65,3,129.34
80,11,239.75
405,3,43.76
5,6,128.5
430,3,53.23
287,5,49.3
9,2,55.78
238,3,87.8
336,3,93.06
298,2,22.5
263,5,65.0
291,4,51.1
131,4,184.4
1,4,114.75
128,6,176.2
348,2,34.7
39,4,50.0
29,3,134.5
81,3,72.8
54,3,107.3
97,3,60.85
310,3,66.25
116,4,46.25
172,6,123.55
182,3,76.9
6,9,157.05
313,2,10.1
139,1,5.7
45,5,81.31
79,4,36.4
127,4,58.3
572,3,64.35
192,4,75.45
153,4,76.65
140,3,104.6
467,2,47.7
86,5,82.6
38,10,160.32
310,2,58.5
240,2,14.5
90,2,17.6
57,4,175.9
91,3,64.3
47,2,85.8
393,2,23.7
99,4,99.6
43,2,53.38
113,1,4.5
105,8,115.2
285,4,146.25
13,7,231.44
344,2,63.4
279,6,143.84
32,5,88.82
36,2,51.4
412,4,79.9
188,3,98.5
201,2,82.22
186,4,43.84
51,5,81.9
19,3,33.02
447,4,40.2
447,2,97.9
101,5,67.05
446,3,63.6
161,2,72.7
217,8,91.42
314,3,41.85
254,4,45.92
349,2,27.34
79,4,61.55
161,2,76.8
10,6,171.56
80,3,49.5
341,3,69.26
337,4,44.2
7,7,72.3
226,4,217.2
87,4,134.6
7,1,4.6
308,3,54.2
437,2,53.32
673,1,11.4
75,3,143.65
74,1,23.7
207,7,114.5
333,5,128.7
129,3,39.7
162,1,23.5
28,5,170.7
44,5,72.8
96,5,73.1
219,5,165.2
100,6,235.11
389,4,15.7
7,1,24.1
31,9,285.6
131,3,54.3
29,6,118.2
51,6,133.3
32,5,143.7
415,3,56.5
85,5,110.8
29,6,141.2
243,1,6.8
358,5,121.7
275,3,78.0
153,3,60.8
402,1,18.9
37,2,44.6
129,8,158.6
7,1,14.1
4,8,105.66
144,5,91.55
118,2,63.8
649,2,38.2
12,5,76.1
171,3,49.15
320,4,81.0
206,4,46.9
57,4,111.3
70,8,89.6
366,2,51.6
118,3,57.6
38,4,95.4
198,4,156.1
73,3,111.2
7,5,117.0
305,4,81.0
445,1,9.0
114,4,177.5
20,4,72.5
271,2,62.1
318,2,58.95
26,3,72.05
323,4,29.1
566,2,46.06
467,2,30.5
30,3,98.2
137,2,21.53
33,3,41.92
158,4,128.55
28,6,206.66
163,7,194.7
379,3,44.0
41,3,67.94
708,1,17.6
468,1,17.1
199,4,85.0
62,4,52.5
58,9,277.9
14,7,160.55
341,1,13.0
206,2,21.2
255,5,88.2
62,6,203.26
205,4,75.6
198,5,73.22
38,4,42.04
11,5,130.3
117,5,76.3
257,5,118.75
141,1,8.7
137,2,59.7
84,6,61.4
31,6,290.74
118,7,189.76
184,3,70.7
9,6,193.2
56,2,53.49
531,1,14.6
198,7,128.5
23,2,45.2
430,1,26.0
163,2,32.8
57,2,101.6
647,3,21.0
106,1,10.0
226,3,21.9
63,6,203.95
4,8,153.0
84,6,129.4
128,9,153.76
73,5,76.5
78,2,15.4
220,4,71.36
109,2,10.6
75,7,109.07
31,3,65.1
223,3,32.4
441,2,37.5
25,3,23.4
108,4,80.0
10,6,116.5
32,4,84.8
296,3,47.3
71,5,179.76
256,4,140.4
346,3,47.7
68,3,83.5
343,5,65.65
118,4,127.7
346,2,59.1
153,7,150.7
51,6,135.1
155,2,38.4
74,3,28.5
200,2,44.7
125,4,102.6
53,5,77.7
135,4,118.2
72,4,143.0
269,3,73.9
232,4,54.2
180,2,23.2
482,4,66.4
419,2,11.4
186,5,116.8
56,6,142.26
0,1,2.2
122,6,153.96
89,6,134.0
156,3,125.14
130,2,32.5
269,3,59.5
62,5,134.8
7,7,112.5
30,6,135.9
20,4,31.74
104,4,159.4
56,3,86.25
478,4,62.44
62,5,111.15
31,2,124.02
271,2,34.0
47,4,63.7
310,2,62.05
28,5,174.3
93,5,156.55
460,3,59.1
586,1,17.6
52,5,176.2
22,5,179.9
498,1,9.6
200,3,68.0
22,6,142.9
134,4,59.0
190,7,160.6
145,2,28.1
208,5,92.0
170,3,61.9
42,5,114.7
616,2,49.4
169,3,98.65
15,7,166.65
126,1,63.5
343,4,85.12
21,2,62.3
68,3,49.9
229,5,109.2
15,3,66.6
35,4,114.0
53,2,71.0
164,4,97.05
125,2,28.3
244,2,23.1
227,4,82.82
67,5,36.6
427,2,53.3
136,6,72.2
401,3,87.3
14,5,108.5
197,2,56.1
294,3,60.36
642,1,23.7
475,4,60.94
175,7,121.4
33,7,260.94
267,2,30.5
6,3,44.7
12,2,108.5
20,7,262.4
44,4,61.42
549,1,15.7
673,1,6.8
87,5,80.0
135,4,133.8
229,3,106.6
75,4,35.5
264,4,213.55
230,5,128.9
422,4,81.52
403,1,28.6
96,3,37.69
31,5,89.3
27,2,19.57
28,6,122.15
127,2,47.4
1,8,101.9
152,6,98.14
316,2,42.4
83,4,73.1
451,5,53.86
381,5,71.32
192,3,48.7
266,4,114.3
416,2,13.4
472,3,65.06
150,4,54.5
5,9,200.3
137,5,166.8
169,3,21.9
369,4,76.6
173,3,104.7
234,7,139.1
43,5,83.74
621,3,36.65
218,3,59.6
307,4,59.42
28,6,210.57
127,8,159.0
332,3,43.2
188,5,116.48
80,3,32.9
151,8,182.45
55,3,68.6
385,3,107.4
578,3,31.2
60,4,70.6
349,3,98.6
76,3,38.2
13,3,94.2
50,7,277.18
125,4,107.39
110,4,143.62
227,3,34.2
98,9,247.8
404,4,67.1
56,6,145.5
48,6,68.3
98,4,63.6
89,5,95.6
114,3,20.9
375,4,81.7
79,3,97.26
64,4,129.0
134,7,105.39
42,8,152.54
78,9,225.41
134,3,37.2
110,5,69.32
66,3,106.2
151,6,162.93
186,6,98.45
244,1,37.95
52,2,48.39
436,1,8.2
131,4,106.6
222,5,55.8
37,3,73.9
322,2,10.7
89,5,157.8
509,3,55.3
235,4,87.9
104,4,53.55
381,5,107.9
336,2,46.8
122,2,28.4
385,5,96.3
304,2,64.6
228,5,97.72
117,3,125.49
2,7,124.1
311,6,113.4
177,8,156.9
14,5,117.9
222,3,64.0
118,2,38.9
28,4,72.22
175,4,62.4
39,4,39.5
115,4,74.49
266,3,28.74
399,2,15.6
270,1,46.6
392,1,66.2
296,4,73.14
38,3,148.3
273,5,162.1
162,4,122.6
102,1,18.0
137,3,46.5
391,2,13.2
89,4,78.7
96,7,113.0
45,4,179.1
179,5,118.64
63,5,61.4
6,7,155.98
21,6,137.8
128,5,175.42
15,5,66.2
318,4,82.75
100,4,94.52
41,3,50.8
226,3,55.45
52,6,301.1
3,1,9.9
103,6,198.5
197,3,103.0
389,4,39.7
313,2,154.35
272,4,122.7
113,4,81.55
61,6,73.98
63,3,36.8
94,3,53.95
178,3,97.35
92,4,119.26
292,1,57.0
101,5,107.85
594,3,63.5
369,3,53.2
376,4,81.85
51,7,149.5
167,2,44.5
641,1,17.6
66,4,125.7
128,5,146.4
51,7,117.9
102,7,127.22
38,3,67.1
136,5,88.05
69,7,190.16
110,2,114.0
108,5,109.42
395,3,76.1
140,6,117.9
246,5,152.02
110,5,207.05
137,3,53.39
671,2,24.4
163,2,18.7
36,5,107.4
64,4,68.8
153,1,13.5
127,5,95.6
179,5,141.6
39,3,45.84
252,7,171.85
6,5,205.6
148,2,29.2
507,1,30.0
365,3,19.0
3,6,167.54
78,2,12.0
36,4,87.0
195,6,144.0
132,3,91.08
93,6,99.26
137,2,37.4
58,3,32.9
217,4,105.3
148,3,73.9
108,6,112.5
705,1,47.9
152,1,3.2
10,5,102.0
285,3,43.5
90,5,71.05
23,7,133.8
32,4,97.59
179,6,50.8
470,4,67.46
559,1,11.6
45,6,160.0
198,6,180.3
33,4,108.7
80,7,205.01
57,1,27.4
372,4,36.7
47,7,263.65
27,5,140.02
295,3,57.95
247,1,7.8
21,6,80.84
47,5,242.0
28,4,86.8
333,3,75.3
11,4,45.34
208,4,79.4
13,4,46.9
22,5,79.89
231,3,104.85
310,1,23.4
79,3,102.2
391,2,15.0
330,4,46.42
77,3,48.5
227,3,48.64
168,2,41.9
10,5,145.2
131,8,108.8
87,5,123.6
372,3,44.35
243,4,108.8
346,3,51.85
155,2,35.1
318,3,50.6
112,4,112.0
411,6,72.16
108,3,34.4
229,5,95.3
0,2,36.1
26,10,150.58
408,2,71.5
131,3,27.1
62,5,180.0
242,5,51.7
271,3,82.3
547,3,24.4
45,3,100.12
432,4,111.62
118,3,69.2
7,2,43.95
65,8,249.6
312,3,61.9
54,6,147.41
100,3,71.8
79,4,99.15
475,2,127.1
155,3,59.94
60,2,36.6
124,5,99.52
699,1,26.3
75,1,16.4
338,4,121.31
413,3,47.9
320,2,39.55
330,1,6.4
107,5,93.6
85,5,111.1
261,3,96.2
304,4,109.9
7,3,81.0
114,4,42.6
67,3,71.3
400,4,79.6
157,3,57.2
292,4,74.9
455,2,26.1
319,3,70.0
258,3,25.0
22,2,48.1
389,1,14.5
35,1,33.2
91,4,107.34
253,2,29.7
224,3,74.19
65,2,55.7
35,3,74.9
357,3,50.75
151,3,31.4
31,4,98.76
103,7,88.4
304,5,141.5
393,3,45.4
337,1,17.7
275,2,58.9
312,2,19.0
13,5,106.0
98,5,93.07
107,6,87.4
377,4,87.89
405,1,2.9
72,2,29.2
134,1,68.4
156,4,86.95
504,1,18.7
240,5,68.1
40,6,95.9
306,9,113.05
60,4,37.0
272,3,62.4
290,2,31.1
185,7,172.04
20,6,124.87
77,5,111.5
131,3,82.75
319,9,194.04
37,4,98.1
155,3,34.1
88,4,53.05
150,1,12.0
56,5,162.5
42,5,154.25
586,2,27.6
134,1,15.2
252,3,52.72
36,6,137.6
69,7,172.5
81,4,144.9
97,4,60.0
385,3,39.8
405,3,45.3
515,3,63.4
172,5,189.7
183,5,98.1
133,4,36.0
423,1,16.2
276,5,118.8
366,4,69.1
30,2,23.15
80,2,59.9
339,2,55.6
98,5,151.4
47,3,121.2
218,5,94.36
144,3,70.5
227,3,41.4
327,6,138.7
581,1,16.4
420,2,34.24
58,5,110.7
166,2,88.4
132,2,72.85
711,1,42.6
250,3,28.6
492,1,20.75
354,2,101.6
151,1,9.6
382,3,29.22
248,3,22.15
4,4,25.97
332,4,86.95
357,3,26.4
10,5,135.4
194,3,86.2
16,3,99.4
373,5,61.34
193,4,133.9
324,5,96.78
325,1,13.5
576,2,29.0
36,3,28.5
3,2,93.0
77,1,33.0
4,6,164.86
323,3,21.8
